{
"std_dev_x" : [65.706605930751, 99.72771562401606, 101.4135821668148, 61.56582239305028]
} 
{
"std_dev_y" : [53.33608355496147, 46.233884121592155, 42.47864481802153, 26.313741492173367]
} 
{
"std_dev_angle" : [1.8596854603199042, 1.5332411518446944, 2.3324634943330387, 4.144839349669376]
} 
